{
    
    "originalFileName": "europe_cities.png",
    "fileName": "file_20150419000026.png",
    "items": [
        {
            "item": {
                "id": 1,
                "answer": "Iceland",
                "lines": [
                    {
                        "line": [
                            92,
                            74,
                            92,
                            56
                        ]
                    },
                    {
                        "line": [
                            92,
                            56,
                            148,
                            56
                        ]
                    },
                    {
                        "line": [
                            148,
                            56,
                            148,
                            74
                        ]
                    },
                    {
                        "line": [
                            148,
                            74,
                            92,
                            74
                        ]
                    }
                ]
            }
        },
        {
            "item": {
                "id": 2,
                "answer": "Ireland",
                "lines": [
                    {
                        "line": [
                            65,
                            261,
                            65,
                            242
                        ]
                    },
                    {
                        "line": [
                            65,
                            242,
                            125,
                            242
                        ]
                    },
                    {
                        "line": [
                            125,
                            242,
                            125,
                            261
                        ]
                    },
                    {
                        "line": [
                            125,
                            261,
                            65,
                            261
                        ]
                    }
                ]
            }
        },
        {
            "item": {
                "id": 3,
                "answer": "Portugal",
                "lines": [
                    {
                        "line": [
                            3,
                            495,
                            3,
                            477
                        ]
                    },
                    {
                        "line": [
                            3,
                            477,
                            66,
                            477
                        ]
                    },
                    {
                        "line": [
                            66,
                            477,
                            66,
                            495
                        ]
                    },
                    {
                        "line": [
                            66,
                            495,
                            3,
                            495
                        ]
                    }
                ]
            }
        },
        {
            "item": {
                "id": 4,
                "answer": "Spain",
                "lines": [
                    {
                        "line": [
                            96,
                            508,
                            96,
                            490
                        ]
                    },
                    {
                        "line": [
                            96,
                            490,
                            159,
                            490
                        ]
                    },
                    {
                        "line": [
                            159,
                            490,
                            159,
                            508
                        ]
                    },
                    {
                        "line": [
                            159,
                            508,
                            96,
                            508
                        ]
                    }
                ]
            }
        },
        {
            "item": {
                "id": 5,
                "answer": "United Kingdom",
                "lines": [
                    {
                        "line": [
                            166,
                            305,
                            166,
                            268
                        ]
                    },
                    {
                        "line": [
                            166,
                            268,
                            229,
                            268
                        ]
                    },
                    {
                        "line": [
                            229,
                            268,
                            229,
                            305
                        ]
                    },
                    {
                        "line": [
                            229,
                            305,
                            166,
                            305
                        ]
                    }
                ]
            }
        },
        {
            "item": {
                "id": 6,
                "answer": "Andorra",
                "lines": [
                    {
                        "line": [
                            165,
                            487,
                            165,
                            470
                        ]
                    },
                    {
                        "line": [
                            165,
                            470,
                            226,
                            470
                        ]
                    },
                    {
                        "line": [
                            226,
                            470,
                            226,
                            487
                        ]
                    },
                    {
                        "line": [
                            226,
                            487,
                            165,
                            487
                        ]
                    }
                ]
            }
        },
        {
            "item": {
                "id": 7,
                "answer": "Norway",
                "lines": [
                    {
                        "line": [
                            303,
                            180,
                            303,
                            162
                        ]
                    },
                    {
                        "line": [
                            303,
                            162,
                            358,
                            162
                        ]
                    },
                    {
                        "line": [
                            358,
                            162,
                            358,
                            180
                        ]
                    },
                    {
                        "line": [
                            358,
                            180,
                            303,
                            180
                        ]
                    }
                ]
            }
        },
        {
            "item": {
                "id": 8,
                "answer": "Sweden",
                "lines": [
                    {
                        "line": [
                            364,
                            167,
                            364,
                            151
                        ]
                    },
                    {
                        "line": [
                            364,
                            151,
                            423,
                            151
                        ]
                    },
                    {
                        "line": [
                            423,
                            151,
                            423,
                            167
                        ]
                    },
                    {
                        "line": [
                            423,
                            167,
                            364,
                            167
                        ]
                    }
                ]
            }
        },
        {
            "item": {
                "id": 9,
                "answer": "Finland",
                "lines": [
                    {
                        "line": [
                            444,
                            166,
                            444,
                            150
                        ]
                    },
                    {
                        "line": [
                            444,
                            150,
                            502,
                            150
                        ]
                    },
                    {
                        "line": [
                            502,
                            150,
                            502,
                            166
                        ]
                    },
                    {
                        "line": [
                            502,
                            166,
                            444,
                            166
                        ]
                    }
                ]
            }
        },
        {
            "item": {
                "id": 10,
                "answer": "Holland",
                "lines": [
                    {
                        "line": [
                            246,
                            318,
                            246,
                            302
                        ]
                    },
                    {
                        "line": [
                            246,
                            302,
                            302,
                            302
                        ]
                    },
                    {
                        "line": [
                            302,
                            302,
                            302,
                            318
                        ]
                    },
                    {
                        "line": [
                            302,
                            318,
                            246,
                            318
                        ]
                    }
                ]
            }
        },
        {
            "item": {
                "id": 11,
                "answer": "Belgium",
                "lines": [
                    {
                        "line": [
                            208,
                            351,
                            208,
                            333
                        ]
                    },
                    {
                        "line": [
                            208,
                            333,
                            266,
                            333
                        ]
                    },
                    {
                        "line": [
                            266,
                            333,
                            266,
                            351
                        ]
                    },
                    {
                        "line": [
                            266,
                            351,
                            208,
                            351
                        ]
                    }
                ]
            }
        },
        {
            "item": {
                "id": 12,
                "answer": "France",
                "lines": [
                    {
                        "line": [
                            187,
                            415,
                            187,
                            398
                        ]
                    },
                    {
                        "line": [
                            187,
                            398,
                            266,
                            398
                        ]
                    },
                    {
                        "line": [
                            266,
                            398,
                            266,
                            415
                        ]
                    },
                    {
                        "line": [
                            266,
                            415,
                            187,
                            415
                        ]
                    }
                ]
            }
        },
        {
            "item": {
                "id": 13,
                "answer": "Switzerland",
                "lines": [
                    {
                        "line": [
                            251,
                            426,
                            251,
                            411
                        ]
                    },
                    {
                        "line": [
                            251,
                            411,
                            332,
                            411
                        ]
                    },
                    {
                        "line": [
                            332,
                            411,
                            332,
                            426
                        ]
                    },
                    {
                        "line": [
                            332,
                            426,
                            251,
                            426
                        ]
                    }
                ]
            }
        },
        {
            "item": {
                "id": 14,
                "answer": "Malta",
                "lines": [
                    {
                        "line": [
                            321,
                            625,
                            321,
                            609
                        ]
                    },
                    {
                        "line": [
                            321,
                            609,
                            361,
                            609
                        ]
                    },
                    {
                        "line": [
                            361,
                            609,
                            361,
                            625
                        ]
                    },
                    {
                        "line": [
                            361,
                            625,
                            321,
                            625
                        ]
                    }
                ]
            }
        },
        {
            "item": {
                "id": 15,
                "answer": "Luxembourg",
                "lines": [
                    {
                        "line": [
                            249,
                            375,
                            249,
                            362
                        ]
                    },
                    {
                        "line": [
                            249,
                            362,
                            283,
                            362
                        ]
                    },
                    {
                        "line": [
                            283,
                            362,
                            283,
                            375
                        ]
                    },
                    {
                        "line": [
                            283,
                            375,
                            249,
                            375
                        ]
                    }
                ]
            }
        },
        {
            "item": {
                "id": 16,
                "answer": "Germany",
                "lines": [
                    {
                        "line": [
                            289,
                            355,
                            289,
                            338
                        ]
                    },
                    {
                        "line": [
                            289,
                            338,
                            361,
                            338
                        ]
                    },
                    {
                        "line": [
                            361,
                            338,
                            361,
                            355
                        ]
                    },
                    {
                        "line": [
                            361,
                            355,
                            289,
                            355
                        ]
                    }
                ]
            }
        },
        {
            "item": {
                "id": 17,
                "answer": "Denmark",
                "lines": [
                    {
                        "line": [
                            304,
                            259,
                            304,
                            243
                        ]
                    },
                    {
                        "line": [
                            304,
                            243,
                            369,
                            243
                        ]
                    },
                    {
                        "line": [
                            369,
                            243,
                            369,
                            259
                        ]
                    },
                    {
                        "line": [
                            369,
                            259,
                            304,
                            259
                        ]
                    }
                ]
            }
        },
        {
            "item": {
                "id": 18,
                "answer": "Czech Republic",
                "lines": [
                    {
                        "line": [
                            347,
                            393,
                            347,
                            359
                        ]
                    },
                    {
                        "line": [
                            347,
                            359,
                            391,
                            359
                        ]
                    },
                    {
                        "line": [
                            391,
                            359,
                            391,
                            393
                        ]
                    },
                    {
                        "line": [
                            391,
                            393,
                            347,
                            393
                        ]
                    }
                ]
            }
        },
        {
            "item": {
                "id": 19,
                "answer": "Poland",
                "lines": [
                    {
                        "line": [
                            388,
                            344,
                            388,
                            326
                        ]
                    },
                    {
                        "line": [
                            388,
                            326,
                            440,
                            326
                        ]
                    },
                    {
                        "line": [
                            440,
                            326,
                            440,
                            344
                        ]
                    },
                    {
                        "line": [
                            440,
                            344,
                            388,
                            344
                        ]
                    }
                ]
            }
        },
        {
            "item": {
                "id": 20,
                "answer": "Estonia",
                "lines": [
                    {
                        "line": [
                            444,
                            221,
                            444,
                            205
                        ]
                    },
                    {
                        "line": [
                            444,
                            205,
                            495,
                            205
                        ]
                    },
                    {
                        "line": [
                            495,
                            205,
                            495,
                            221
                        ]
                    },
                    {
                        "line": [
                            495,
                            221,
                            444,
                            221
                        ]
                    }
                ]
            }
        },
        {
            "item": {
                "id": 21,
                "answer": "Lithuania",
                "lines": [
                    {
                        "line": [
                            423,
                            278,
                            423,
                            263
                        ]
                    },
                    {
                        "line": [
                            423,
                            263,
                            488,
                            263
                        ]
                    },
                    {
                        "line": [
                            488,
                            263,
                            488,
                            278
                        ]
                    },
                    {
                        "line": [
                            488,
                            278,
                            423,
                            278
                        ]
                    }
                ]
            }
        },
        {
            "item": {
                "id": 22,
                "answer": "Latvia",
                "lines": [
                    {
                        "line": [
                            454,
                            255,
                            454,
                            239
                        ]
                    },
                    {
                        "line": [
                            454,
                            239,
                            496,
                            239
                        ]
                    },
                    {
                        "line": [
                            496,
                            239,
                            496,
                            255
                        ]
                    },
                    {
                        "line": [
                            496,
                            255,
                            454,
                            255
                        ]
                    }
                ]
            }
        },
        {
            "item": {
                "id": 23,
                "answer": "Belarus",
                "lines": [
                    {
                        "line": [
                            487,
                            318,
                            487,
                            302
                        ]
                    },
                    {
                        "line": [
                            487,
                            302,
                            539,
                            302
                        ]
                    },
                    {
                        "line": [
                            539,
                            302,
                            539,
                            318
                        ]
                    },
                    {
                        "line": [
                            539,
                            318,
                            487,
                            318
                        ]
                    }
                ]
            }
        },
        {
            "item": {
                "id": 24,
                "answer": "Russia",
                "lines": [
                    {
                        "line": [
                            569,
                            233,
                            569,
                            215
                        ]
                    },
                    {
                        "line": [
                            569,
                            215,
                            696,
                            215
                        ]
                    },
                    {
                        "line": [
                            696,
                            215,
                            696,
                            233
                        ]
                    },
                    {
                        "line": [
                            696,
                            233,
                            569,
                            233
                        ]
                    }
                ]
            }
        },
        {
            "item": {
                "id": 25,
                "answer": "Ukraine",
                "lines": [
                    {
                        "line": [
                            495,
                            379,
                            495,
                            360
                        ]
                    },
                    {
                        "line": [
                            495,
                            360,
                            634,
                            360
                        ]
                    },
                    {
                        "line": [
                            634,
                            360,
                            634,
                            379
                        ]
                    },
                    {
                        "line": [
                            634,
                            379,
                            495,
                            379
                        ]
                    }
                ]
            }
        },
        {
            "item": {
                "id": 26,
                "answer": "Austria",
                "lines": [
                    {
                        "line": [
                            329,
                            412,
                            329,
                            400
                        ]
                    },
                    {
                        "line": [
                            329,
                            400,
                            377,
                            400
                        ]
                    },
                    {
                        "line": [
                            377,
                            400,
                            377,
                            412
                        ]
                    },
                    {
                        "line": [
                            377,
                            412,
                            329,
                            412
                        ]
                    }
                ]
            }
        },
        {
            "item": {
                "id": 27,
                "answer": "Slovenia",
                "lines": [
                    {
                        "line": [
                            329,
                            441,
                            329,
                            427
                        ]
                    },
                    {
                        "line": [
                            329,
                            427,
                            386,
                            427
                        ]
                    },
                    {
                        "line": [
                            386,
                            427,
                            386,
                            441
                        ]
                    },
                    {
                        "line": [
                            386,
                            441,
                            329,
                            441
                        ]
                    }
                ]
            }
        },
        {
            "item": {
                "id": 28,
                "answer": "Slovakia",
                "lines": [
                    {
                        "line": [
                            402,
                            398,
                            402,
                            382
                        ]
                    },
                    {
                        "line": [
                            402,
                            382,
                            460,
                            382
                        ]
                    },
                    {
                        "line": [
                            460,
                            382,
                            460,
                            398
                        ]
                    },
                    {
                        "line": [
                            460,
                            398,
                            402,
                            398
                        ]
                    }
                ]
            }
        },
        {
            "item": {
                "id": 29,
                "answer": "Hungary",
                "lines": [
                    {
                        "line": [
                            392,
                            429,
                            392,
                            412
                        ]
                    },
                    {
                        "line": [
                            392,
                            412,
                            454,
                            412
                        ]
                    },
                    {
                        "line": [
                            454,
                            412,
                            454,
                            429
                        ]
                    },
                    {
                        "line": [
                            454,
                            429,
                            392,
                            429
                        ]
                    }
                ]
            }
        },
        {
            "item": {
                "id": 30,
                "answer": "Italy",
                "lines": [
                    {
                        "line": [
                            313,
                            497,
                            313,
                            478
                        ]
                    },
                    {
                        "line": [
                            313,
                            478,
                            343,
                            478
                        ]
                    },
                    {
                        "line": [
                            343,
                            478,
                            343,
                            497
                        ]
                    },
                    {
                        "line": [
                            343,
                            497,
                            313,
                            497
                        ]
                    }
                ]
            }
        },
        {
            "item": {
                "id": 31,
                "answer": "Croatia",
                "lines": [
                    {
                        "line": [
                            363,
                            455,
                            363,
                            441
                        ]
                    },
                    {
                        "line": [
                            363,
                            441,
                            415,
                            441
                        ]
                    },
                    {
                        "line": [
                            415,
                            441,
                            415,
                            455
                        ]
                    },
                    {
                        "line": [
                            415,
                            455,
                            363,
                            455
                        ]
                    }
                ]
            }
        },
        {
            "item": {
                "id": 32,
                "answer": "Bosnia",
                "lines": [
                    {
                        "line": [
                            372,
                            476,
                            372,
                            460
                        ]
                    },
                    {
                        "line": [
                            372,
                            460,
                            420,
                            460
                        ]
                    },
                    {
                        "line": [
                            420,
                            460,
                            420,
                            476
                        ]
                    },
                    {
                        "line": [
                            420,
                            476,
                            372,
                            476
                        ]
                    }
                ]
            }
        },
        {
            "item": {
                "id": 33,
                "answer": "Serbia",
                "lines": [
                    {
                        "line": [
                            422,
                            474,
                            422,
                            459
                        ]
                    },
                    {
                        "line": [
                            422,
                            459,
                            465,
                            459
                        ]
                    },
                    {
                        "line": [
                            465,
                            459,
                            465,
                            474
                        ]
                    },
                    {
                        "line": [
                            465,
                            474,
                            422,
                            474
                        ]
                    }
                ]
            }
        },
        {
            "item": {
                "id": 34,
                "answer": "Montenegro",
                "lines": [
                    {
                        "line": [
                            394,
                            502,
                            394,
                            487
                        ]
                    },
                    {
                        "line": [
                            394,
                            487,
                            435,
                            487
                        ]
                    },
                    {
                        "line": [
                            435,
                            487,
                            435,
                            502
                        ]
                    },
                    {
                        "line": [
                            435,
                            502,
                            394,
                            502
                        ]
                    }
                ]
            }
        },
        {
            "item": {
                "id": 35,
                "answer": "Albania",
                "lines": [
                    {
                        "line": [
                            389,
                            539,
                            389,
                            524
                        ]
                    },
                    {
                        "line": [
                            389,
                            524,
                            441,
                            524
                        ]
                    },
                    {
                        "line": [
                            441,
                            524,
                            441,
                            539
                        ]
                    },
                    {
                        "line": [
                            441,
                            539,
                            389,
                            539
                        ]
                    }
                ]
            }
        },
        {
            "item": {
                "id": 36,
                "answer": "Macedonia",
                "lines": [
                    {
                        "line": [
                            410,
                            518,
                            410,
                            505
                        ]
                    },
                    {
                        "line": [
                            410,
                            505,
                            486,
                            505
                        ]
                    },
                    {
                        "line": [
                            486,
                            505,
                            486,
                            518
                        ]
                    },
                    {
                        "line": [
                            486,
                            518,
                            410,
                            518
                        ]
                    }
                ]
            }
        },
        {
            "item": {
                "id": 37,
                "answer": "Greece",
                "lines": [
                    {
                        "line": [
                            440,
                            578,
                            440,
                            564
                        ]
                    },
                    {
                        "line": [
                            440,
                            564,
                            492,
                            564
                        ]
                    },
                    {
                        "line": [
                            492,
                            564,
                            492,
                            578
                        ]
                    },
                    {
                        "line": [
                            492,
                            578,
                            440,
                            578
                        ]
                    }
                ]
            }
        },
        {
            "item": {
                "id": 38,
                "answer": "Romania",
                "lines": [
                    {
                        "line": [
                            460,
                            448,
                            460,
                            433
                        ]
                    },
                    {
                        "line": [
                            460,
                            433,
                            521,
                            433
                        ]
                    },
                    {
                        "line": [
                            521,
                            433,
                            521,
                            448
                        ]
                    },
                    {
                        "line": [
                            521,
                            448,
                            460,
                            448
                        ]
                    }
                ]
            }
        },
        {
            "item": {
                "id": 39,
                "answer": "Moldova",
                "lines": [
                    {
                        "line": [
                            510,
                            416,
                            510,
                            399
                        ]
                    },
                    {
                        "line": [
                            510,
                            399,
                            570,
                            399
                        ]
                    },
                    {
                        "line": [
                            570,
                            399,
                            570,
                            416
                        ]
                    },
                    {
                        "line": [
                            570,
                            416,
                            510,
                            416
                        ]
                    }
                ]
            }
        },
        {
            "item": {
                "id": 40,
                "answer": "Bulgaria",
                "lines": [
                    {
                        "line": [
                            477,
                            499,
                            477,
                            482
                        ]
                    },
                    {
                        "line": [
                            477,
                            482,
                            533,
                            482
                        ]
                    },
                    {
                        "line": [
                            533,
                            482,
                            533,
                            499
                        ]
                    },
                    {
                        "line": [
                            533,
                            499,
                            477,
                            499
                        ]
                    }
                ]
            }
        },
        {
            "item": {
                "id": 41,
                "answer": "Cyprus",
                "lines": [
                    {
                        "line": [
                            581,
                            632,
                            581,
                            617
                        ]
                    },
                    {
                        "line": [
                            581,
                            617,
                            632,
                            617
                        ]
                    },
                    {
                        "line": [
                            632,
                            617,
                            632,
                            632
                        ]
                    },
                    {
                        "line": [
                            632,
                            632,
                            581,
                            632
                        ]
                    }
                ]
            }
        },
        {
            "item": {
                "id": 42,
                "answer": "Turkey",
                "lines": [
                    {
                        "line": [
                            533,
                            557,
                            533,
                            538
                        ]
                    },
                    {
                        "line": [
                            533,
                            538,
                            709,
                            538
                        ]
                    },
                    {
                        "line": [
                            709,
                            538,
                            709,
                            557
                        ]
                    },
                    {
                        "line": [
                            709,
                            557,
                            533,
                            557
                        ]
                    }
                ]
            }
        }
    ],
    "lastModified": 1429399496174
}