{
    "originalFileName": "india-cities.jpg",
    "fileName": "file_20150418235915.jpg",
    "items": [
        {
            "item": {
                "id": 8,
                "answer": "Varanasi",
                "hint": "",
                "lines": [
                    {
                        "line": [
                            270,
                            223,
                            270,
                            213
                        ]
                    },
                    {
                        "line": [
                            270,
                            213,
                            316,
                            213
                        ]
                    },
                    {
                        "line": [
                            316,
                            213,
                            316,
                            223
                        ]
                    },
                    {
                        "line": [
                            316,
                            223,
                            270,
                            223
                        ]
                    }
                ]
            }
        },
        {
            "item": {
                "id": 9,
                "answer": "Calcutta",
                "hint": "",
                "lines": [
                    {
                        "line": [
                            316,
                            257,
                            316,
                            244
                        ]
                    },
                    {
                        "line": [
                            316,
                            244,
                            363,
                            244
                        ]
                    },
                    {
                        "line": [
                            363,
                            244,
                            363,
                            257
                        ]
                    },
                    {
                        "line": [
                            363,
                            257,
                            316,
                            257
                        ]
                    }
                ]
            }
        },
        {
            "item": {
                "id": 10,
                "answer": "Mumbai",
                "hint": "",
                "lines": [
                    {
                        "line": [
                            44,
                            338,
                            44,
                            324
                        ]
                    },
                    {
                        "line": [
                            44,
                            324,
                            89,
                            324
                        ]
                    },
                    {
                        "line": [
                            89,
                            324,
                            89,
                            338
                        ]
                    },
                    {
                        "line": [
                            89,
                            338,
                            44,
                            338
                        ]
                    }
                ]
            }
        },
        {
            "item": {
                "id": 11,
                "answer": "Panaji",
                "hint": "",
                "lines": [
                    {
                        "line": [
                            116,
                            403,
                            116,
                            388
                        ]
                    },
                    {
                        "line": [
                            116,
                            388,
                            151,
                            388
                        ]
                    },
                    {
                        "line": [
                            151,
                            388,
                            151,
                            403
                        ]
                    },
                    {
                        "line": [
                            151,
                            403,
                            116,
                            403
                        ]
                    }
                ]
            }
        },
        {
            "item": {
                "id": 12,
                "answer": "Raipur",
                "lines": [
                    {
                        "line": [
                            250,
                            299,
                            250,
                            287
                        ]
                    },
                    {
                        "line": [
                            250,
                            287,
                            285,
                            287
                        ]
                    },
                    {
                        "line": [
                            285,
                            287,
                            285,
                            299
                        ]
                    },
                    {
                        "line": [
                            285,
                            299,
                            250,
                            299
                        ]
                    }
                ]
            }
        },
        {
            "item": {
                "id": 13,
                "answer": "Chandigarh",
                "lines": [
                    {
                        "line": [
                            101,
                            123,
                            101,
                            109
                        ]
                    },
                    {
                        "line": [
                            101,
                            109,
                            165,
                            109
                        ]
                    },
                    {
                        "line": [
                            165,
                            109,
                            165,
                            123
                        ]
                    },
                    {
                        "line": [
                            165,
                            123,
                            101,
                            123
                        ]
                    }
                ]
            }
        },
        {
            "item": {
                "id": 14,
                "answer": "Simla",
                "lines": [
                    {
                        "line": [
                            179,
                            120,
                            179,
                            109
                        ]
                    },
                    {
                        "line": [
                            179,
                            109,
                            209,
                            109
                        ]
                    },
                    {
                        "line": [
                            209,
                            109,
                            209,
                            120
                        ]
                    },
                    {
                        "line": [
                            209,
                            120,
                            179,
                            120
                        ]
                    }
                ]
            }
        },
        {
            "item": {
                "id": 15,
                "answer": "Agra",
                "lines": [
                    {
                        "line": [
                            187,
                            187,
                            187,
                            174
                        ]
                    },
                    {
                        "line": [
                            187,
                            174,
                            212,
                            174
                        ]
                    },
                    {
                        "line": [
                            212,
                            174,
                            212,
                            187
                        ]
                    },
                    {
                        "line": [
                            212,
                            187,
                            187,
                            187
                        ]
                    }
                ]
            }
        },
        {
            "item": {
                "id": 16,
                "answer": "Srinagar",
                "lines": [
                    {
                        "line": [
                            139,
                            58,
                            139,
                            45
                        ]
                    },
                    {
                        "line": [
                            139,
                            45,
                            183,
                            45
                        ]
                    },
                    {
                        "line": [
                            183,
                            45,
                            183,
                            58
                        ]
                    },
                    {
                        "line": [
                            183,
                            58,
                            139,
                            58
                        ]
                    }
                ]
            }
        },
        {
            "item": {
                "id": 17,
                "answer": "Jammu",
                "lines": [
                    {
                        "line": [
                            141,
                            83,
                            141,
                            70
                        ]
                    },
                    {
                        "line": [
                            141,
                            70,
                            179,
                            70
                        ]
                    },
                    {
                        "line": [
                            179,
                            70,
                            179,
                            83
                        ]
                    },
                    {
                        "line": [
                            179,
                            83,
                            141,
                            83
                        ]
                    }
                ]
            }
        },
        {
            "item": {
                "id": 18,
                "answer": "Allahabad",
                "lines": [
                    {
                        "line": [
                            187,
                            220,
                            187,
                            209
                        ]
                    },
                    {
                        "line": [
                            187,
                            209,
                            238,
                            209
                        ]
                    },
                    {
                        "line": [
                            238,
                            209,
                            238,
                            220
                        ]
                    },
                    {
                        "line": [
                            238,
                            220,
                            187,
                            220
                        ]
                    }
                ]
            }
        },
        {
            "item": {
                "id": 19,
                "answer": "Jaipur",
                "lines": [
                    {
                        "line": [
                            115,
                            195,
                            115,
                            181
                        ]
                    },
                    {
                        "line": [
                            115,
                            181,
                            147,
                            181
                        ]
                    },
                    {
                        "line": [
                            147,
                            181,
                            147,
                            195
                        ]
                    },
                    {
                        "line": [
                            147,
                            195,
                            115,
                            195
                        ]
                    }
                ]
            }
        },
        {
            "item": {
                "id": 20,
                "answer": "Bangalore",
                "lines": [
                    {
                        "line": [
                            142,
                            446,
                            142,
                            433
                        ]
                    },
                    {
                        "line": [
                            142,
                            433,
                            200,
                            433
                        ]
                    },
                    {
                        "line": [
                            200,
                            433,
                            200,
                            446
                        ]
                    },
                    {
                        "line": [
                            200,
                            446,
                            142,
                            446
                        ]
                    }
                ]
            }
        }
    ],
    "lastModified": 1420101000000
}