{
    "originalFileName": "States-of-India-Map.png",
    "fileName": "file_20150420065429.png",
    "items": [
        {
            "item": {
                "id": 1,
                "answer": "Gujarat",
                "lines": [
                    {
                        "line": [
                            73,
                            247,
                            73,
                            232
                        ]
                    },
                    {
                        "line": [
                            73,
                            232,
                            110,
                            232
                        ]
                    },
                    {
                        "line": [
                            110,
                            232,
                            110,
                            247
                        ]
                    },
                    {
                        "line": [
                            110,
                            247,
                            73,
                            247
                        ]
                    }
                ]
            }
        },
        {
            "item": {
                "id": 2,
                "answer": "Uttar Pradesh",
                "lines": [
                    {
                        "line": [
                            223,
                            185,
                            223,
                            170
                        ]
                    },
                    {
                        "line": [
                            223,
                            170,
                            281,
                            170
                        ]
                    },
                    {
                        "line": [
                            281,
                            170,
                            281,
                            185
                        ]
                    },
                    {
                        "line": [
                            281,
                            185,
                            223,
                            185
                        ]
                    }
                ]
            }
        },
        {
            "item": {
                "id": 3,
                "answer": "Maharashtra",
                "lines": [
                    {
                        "line": [
                            124,
                            323,
                            124,
                            311
                        ]
                    },
                    {
                        "line": [
                            124,
                            311,
                            176,
                            311
                        ]
                    },
                    {
                        "line": [
                            176,
                            311,
                            176,
                            323
                        ]
                    },
                    {
                        "line": [
                            176,
                            323,
                            124,
                            323
                        ]
                    }
                ]
            }
        },
        {
            "item": {
                "id": 4,
                "answer": "Rajasthan",
                "lines": [
                    {
                        "line": [
                            104,
                            179,
                            104,
                            165
                        ]
                    },
                    {
                        "line": [
                            104,
                            165,
                            146,
                            165
                        ]
                    },
                    {
                        "line": [
                            146,
                            165,
                            146,
                            179
                        ]
                    },
                    {
                        "line": [
                            146,
                            179,
                            104,
                            179
                        ]
                    }
                ]
            }
        },
        {
            "item": {
                "id": 5,
                "answer": "Punjab",
                "lines": [
                    {
                        "line": [
                            145,
                            98,
                            145,
                            86
                        ]
                    },
                    {
                        "line": [
                            145,
                            86,
                            174,
                            86
                        ]
                    },
                    {
                        "line": [
                            174,
                            86,
                            174,
                            98
                        ]
                    },
                    {
                        "line": [
                            174,
                            98,
                            145,
                            98
                        ]
                    }
                ]
            }
        },
        {
            "item": {
                "id": 6,
                "answer": "Jammu & Kashmir",
                "lines": [
                    {
                        "line": [
                            162,
                            44,
                            162,
                            20
                        ]
                    },
                    {
                        "line": [
                            162,
                            20,
                            202,
                            20
                        ]
                    },
                    {
                        "line": [
                            202,
                            20,
                            202,
                            44
                        ]
                    },
                    {
                        "line": [
                            202,
                            44,
                            162,
                            44
                        ]
                    }
                ]
            }
        },
        {
            "item": {
                "id": 7,
                "answer": "Himachal Pradesh",
                "lines": [
                    {
                        "line": [
                            170,
                            82,
                            170,
                            61
                        ]
                    },
                    {
                        "line": [
                            170,
                            61,
                            213,
                            61
                        ]
                    },
                    {
                        "line": [
                            213,
                            61,
                            213,
                            82
                        ]
                    },
                    {
                        "line": [
                            213,
                            82,
                            170,
                            82
                        ]
                    }
                ]
            }
        },
        {
            "item": {
                "id": 8,
                "answer": "Uttarakhand",
                "lines": [
                    {
                        "line": [
                            200,
                            112,
                            200,
                            100
                        ]
                    },
                    {
                        "line": [
                            200,
                            100,
                            250,
                            100
                        ]
                    },
                    {
                        "line": [
                            250,
                            100,
                            250,
                            112
                        ]
                    },
                    {
                        "line": [
                            250,
                            112,
                            200,
                            112
                        ]
                    }
                ]
            }
        },
        {
            "item": {
                "id": 9,
                "answer": "Haryana",
                "lines": [
                    {
                        "line": [
                            153,
                            135,
                            153,
                            105
                        ]
                    },
                    {
                        "line": [
                            153,
                            105,
                            189,
                            105
                        ]
                    },
                    {
                        "line": [
                            189,
                            105,
                            189,
                            135
                        ]
                    },
                    {
                        "line": [
                            189,
                            135,
                            153,
                            135
                        ]
                    }
                ]
            }
        },
        {
            "item": {
                "id": 10,
                "answer": "Madhya Pradesh",
                "lines": [
                    {
                        "line": [
                            169,
                            249,
                            169,
                            237
                        ]
                    },
                    {
                        "line": [
                            169,
                            237,
                            234,
                            237
                        ]
                    },
                    {
                        "line": [
                            234,
                            237,
                            234,
                            249
                        ]
                    },
                    {
                        "line": [
                            234,
                            249,
                            169,
                            249
                        ]
                    }
                ]
            }
        },
        {
            "item": {
                "id": 11,
                "answer": "Goa",
                "lines": [
                    {
                        "line": [
                            94,
                            393,
                            94,
                            383
                        ]
                    },
                    {
                        "line": [
                            94,
                            383,
                            113,
                            383
                        ]
                    },
                    {
                        "line": [
                            113,
                            383,
                            113,
                            393
                        ]
                    },
                    {
                        "line": [
                            113,
                            393,
                            94,
                            393
                        ]
                    }
                ]
            }
        },
        {
            "item": {
                "id": 12,
                "answer": "Karnataka",
                "lines": [
                    {
                        "line": [
                            132,
                            434,
                            132,
                            420
                        ]
                    },
                    {
                        "line": [
                            132,
                            420,
                            176,
                            420
                        ]
                    },
                    {
                        "line": [
                            176,
                            420,
                            176,
                            434
                        ]
                    },
                    {
                        "line": [
                            176,
                            434,
                            132,
                            434
                        ]
                    }
                ]
            }
        },
        {
            "item": {
                "id": 13,
                "answer": "Kerala",
                "lines": [
                    {
                        "line": [
                            148,
                            503,
                            148,
                            476
                        ]
                    },
                    {
                        "line": [
                            148,
                            476,
                            171,
                            476
                        ]
                    },
                    {
                        "line": [
                            171,
                            476,
                            171,
                            503
                        ]
                    },
                    {
                        "line": [
                            171,
                            503,
                            148,
                            503
                        ]
                    }
                ]
            }
        },
        {
            "item": {
                "id": 14,
                "answer": "Tamil Nadu",
                "lines": [
                    {
                        "line": [
                            170,
                            478,
                            170,
                            466
                        ]
                    },
                    {
                        "line": [
                            170,
                            466,
                            218,
                            466
                        ]
                    },
                    {
                        "line": [
                            218,
                            466,
                            218,
                            478
                        ]
                    },
                    {
                        "line": [
                            218,
                            478,
                            170,
                            478
                        ]
                    }
                ]
            }
        },
        {
            "item": {
                "id": 15,
                "answer": "Andhra Pradesh",
                "lines": [
                    {
                        "line": [
                            193,
                            366,
                            193,
                            352
                        ]
                    },
                    {
                        "line": [
                            193,
                            352,
                            258,
                            352
                        ]
                    },
                    {
                        "line": [
                            258,
                            352,
                            258,
                            366
                        ]
                    },
                    {
                        "line": [
                            258,
                            366,
                            193,
                            366
                        ]
                    }
                ]
            }
        },
        {
            "item": {
                "id": 16,
                "answer": "Bihar",
                "lines": [
                    {
                        "line": [
                            323,
                            201,
                            323,
                            190
                        ]
                    },
                    {
                        "line": [
                            323,
                            190,
                            349,
                            190
                        ]
                    },
                    {
                        "line": [
                            349,
                            190,
                            349,
                            201
                        ]
                    },
                    {
                        "line": [
                            349,
                            201,
                            323,
                            201
                        ]
                    }
                ]
            }
        },
        {
            "item": {
                "id": 17,
                "answer": "Jharkand",
                "lines": [
                    {
                        "line": [
                            302,
                            235,
                            302,
                            224
                        ]
                    },
                    {
                        "line": [
                            302,
                            224,
                            347,
                            224
                        ]
                    },
                    {
                        "line": [
                            347,
                            224,
                            347,
                            235
                        ]
                    },
                    {
                        "line": [
                            347,
                            235,
                            302,
                            235
                        ]
                    }
                ]
            }
        },
        {
            "item": {
                "id": 18,
                "answer": "West Bengal",
                "lines": [
                    {
                        "line": [
                            358,
                            257,
                            358,
                            235
                        ]
                    },
                    {
                        "line": [
                            358,
                            235,
                            387,
                            235
                        ]
                    },
                    {
                        "line": [
                            387,
                            235,
                            387,
                            257
                        ]
                    },
                    {
                        "line": [
                            387,
                            257,
                            358,
                            257
                        ]
                    }
                ]
            }
        },
        {
            "item": {
                "id": 19,
                "answer": "Meghalaya",
                "lines": [
                    {
                        "line": [
                            405,
                            199,
                            405,
                            188
                        ]
                    },
                    {
                        "line": [
                            405,
                            188,
                            449,
                            188
                        ]
                    },
                    {
                        "line": [
                            449,
                            188,
                            449,
                            199
                        ]
                    },
                    {
                        "line": [
                            449,
                            199,
                            405,
                            199
                        ]
                    }
                ]
            }
        },
        {
            "item": {
                "id": 20,
                "answer": "Sikkim",
                "lines": [
                    {
                        "line": [
                            376,
                            144,
                            376,
                            134
                        ]
                    },
                    {
                        "line": [
                            376,
                            134,
                            405,
                            134
                        ]
                    },
                    {
                        "line": [
                            405,
                            134,
                            405,
                            144
                        ]
                    },
                    {
                        "line": [
                            405,
                            144,
                            376,
                            144
                        ]
                    }
                ]
            }
        },
        {
            "item": {
                "id": 21,
                "answer": "Odisha",
                "lines": [
                    {
                        "line": [
                            302,
                            300,
                            302,
                            278
                        ]
                    },
                    {
                        "line": [
                            302,
                            278,
                            335,
                            278
                        ]
                    },
                    {
                        "line": [
                            335,
                            278,
                            335,
                            300
                        ]
                    },
                    {
                        "line": [
                            335,
                            300,
                            302,
                            300
                        ]
                    }
                ]
            }
        },
        {
            "item": {
                "id": 22,
                "answer": "Chhattisgarh",
                "lines": [
                    {
                        "line": [
                            251,
                            284,
                            251,
                            248
                        ]
                    },
                    {
                        "line": [
                            251,
                            248,
                            294,
                            248
                        ]
                    },
                    {
                        "line": [
                            294,
                            248,
                            294,
                            284
                        ]
                    },
                    {
                        "line": [
                            294,
                            284,
                            251,
                            284
                        ]
                    }
                ]
            }
        },
        {
            "item": {
                "id": 23,
                "answer": "Tripura",
                "lines": [
                    {
                        "line": [
                            409,
                            233,
                            409,
                            223
                        ]
                    },
                    {
                        "line": [
                            409,
                            223,
                            441,
                            223
                        ]
                    },
                    {
                        "line": [
                            441,
                            223,
                            441,
                            233
                        ]
                    },
                    {
                        "line": [
                            441,
                            233,
                            409,
                            233
                        ]
                    }
                ]
            }
        },
        {
            "item": {
                "id": 24,
                "answer": "Assam",
                "lines": [
                    {
                        "line": [
                            436,
                            182,
                            436,
                            171
                        ]
                    },
                    {
                        "line": [
                            436,
                            171,
                            462,
                            171
                        ]
                    },
                    {
                        "line": [
                            462,
                            171,
                            462,
                            182
                        ]
                    },
                    {
                        "line": [
                            462,
                            182,
                            436,
                            182
                        ]
                    }
                ]
            }
        },
        {
            "item": {
                "id": 25,
                "answer": "Arunachal Pradesh",
                "lines": [
                    {
                        "line": [
                            442,
                            164,
                            442,
                            118
                        ]
                    },
                    {
                        "line": [
                            442,
                            118,
                            504,
                            118
                        ]
                    },
                    {
                        "line": [
                            504,
                            118,
                            504,
                            164
                        ]
                    },
                    {
                        "line": [
                            504,
                            164,
                            442,
                            164
                        ]
                    }
                ]
            }
        },
        {
            "item": {
                "id": 26,
                "answer": "Nagaland",
                "lines": [
                    {
                        "line": [
                            476,
                            183,
                            476,
                            173
                        ]
                    },
                    {
                        "line": [
                            476,
                            173,
                            512,
                            173
                        ]
                    },
                    {
                        "line": [
                            512,
                            173,
                            512,
                            183
                        ]
                    },
                    {
                        "line": [
                            512,
                            183,
                            476,
                            183
                        ]
                    }
                ]
            }
        },
        {
            "item": {
                "id": 27,
                "answer": "Manipur",
                "lines": [
                    {
                        "line": [
                            467,
                            213,
                            467,
                            203
                        ]
                    },
                    {
                        "line": [
                            467,
                            203,
                            501,
                            203
                        ]
                    },
                    {
                        "line": [
                            501,
                            203,
                            501,
                            213
                        ]
                    },
                    {
                        "line": [
                            501,
                            213,
                            467,
                            213
                        ]
                    }
                ]
            }
        },
        {
            "item": {
                "id": 28,
                "answer": "Mizoram",
                "lines": [
                    {
                        "line": [
                            453,
                            236,
                            453,
                            226
                        ]
                    },
                    {
                        "line": [
                            453,
                            226,
                            489,
                            226
                        ]
                    },
                    {
                        "line": [
                            489,
                            226,
                            489,
                            236
                        ]
                    },
                    {
                        "line": [
                            489,
                            236,
                            453,
                            236
                        ]
                    }
                ]
            }
        }
    ],
    "lastModified": 1429679225685
}