{
    "fileName": "file_20150420065429.png",
    "scores": [
        {
            "lastModified": 1429538478763,
            "fullScore": 13,
            "fullMaxScore": 20,
            "itemScores": [
                {
                    "itemid": 1,
                    "answer": "Gujarat",
                    "score": 7,
                    "maxscore": 7
                },
                {
                    "itemid": 2,
                    "answer": "Uttar Pradesh",
                    "score": 6,
                    "maxscore": 13
                }
            ]
        },
        {
            "lastModified": 1429682333169,
            "fullScore": 193,
            "fullMaxScore": 263,
            "itemScores": [
                {
                    "itemid": 7,
                    "answer": "Himachal Pradesh",
                    "score": 10,
                    "maxscore": 16
                },
                {
                    "itemid": 4,
                    "answer": "Rajasthan",
                    "score": 0,
                    "maxscore": 9
                },
                {
                    "itemid": 27,
                    "answer": "Manipur",
                    "score": 5,
                    "maxscore": 7
                },
                {
                    "itemid": 17,
                    "answer": "Jharkand",
                    "score": 5,
                    "maxscore": 8
                },
                {
                    "itemid": 1,
                    "answer": "Gujarat",
                    "score": 7,
                    "maxscore": 7
                },
                {
                    "itemid": 24,
                    "answer": "Assam",
                    "score": 5,
                    "maxscore": 5
                },
                {
                    "itemid": 26,
                    "answer": "Nagaland",
                    "score": 3,
                    "maxscore": 8
                },
                {
                    "itemid": 22,
                    "answer": "Chhattisgarh",
                    "score": 9,
                    "maxscore": 12
                },
                {
                    "itemid": 19,
                    "answer": "Meghalaya",
                    "score": 5,
                    "maxscore": 9
                },
                {
                    "itemid": 16,
                    "answer": "Bihar",
                    "score": 2,
                    "maxscore": 5
                },
                {
                    "itemid": 28,
                    "answer": "Mizoram",
                    "score": 4,
                    "maxscore": 7
                },
                {
                    "itemid": 15,
                    "answer": "Andhra Pradesh",
                    "score": 14,
                    "maxscore": 14
                },
                {
                    "itemid": 11,
                    "answer": "Goa",
                    "score": 3,
                    "maxscore": 3
                },
                {
                    "itemid": 12,
                    "answer": "Karnataka",
                    "score": 9,
                    "maxscore": 9
                },
                {
                    "itemid": 21,
                    "answer": "Odisha",
                    "score": 6,
                    "maxscore": 6
                },
                {
                    "itemid": 18,
                    "answer": "West Bengal",
                    "score": 5,
                    "maxscore": 11
                },
                {
                    "itemid": 2,
                    "answer": "Uttar Pradesh",
                    "score": 13,
                    "maxscore": 13
                },
                {
                    "itemid": 3,
                    "answer": "Maharashtra",
                    "score": 11,
                    "maxscore": 11
                },
                {
                    "itemid": 9,
                    "answer": "Haryana",
                    "score": 7,
                    "maxscore": 7
                },
                {
                    "itemid": 14,
                    "answer": "Tamil Nadu",
                    "score": 10,
                    "maxscore": 10
                },
                {
                    "itemid": 25,
                    "answer": "Arunachal Pradesh",
                    "score": 14,
                    "maxscore": 17
                },
                {
                    "itemid": 6,
                    "answer": "Jammu &amp; Kashmir",
                    "score": 11,
                    "maxscore": 19
                },
                {
                    "itemid": 13,
                    "answer": "Kerala",
                    "score": 6,
                    "maxscore": 6
                },
                {
                    "itemid": 23,
                    "answer": "Tripura",
                    "score": 4,
                    "maxscore": 7
                },
                {
                    "itemid": 8,
                    "answer": "Uttarakhand",
                    "score": 4,
                    "maxscore": 11
                },
                {
                    "itemid": 20,
                    "answer": "Sikkim",
                    "score": 3,
                    "maxscore": 6
                },
                {
                    "itemid": 10,
                    "answer": "Madhya Pradesh",
                    "score": 14,
                    "maxscore": 14
                },
                {
                    "itemid": 5,
                    "answer": "Punjab",
                    "score": 4,
                    "maxscore": 6
                }
            ]
        },
        {
            "lastModified": 1429682787968,
            "fullScore": 217,
            "fullMaxScore": 263,
            "itemScores": [
                {
                    "itemid": 28,
                    "answer": "Mizoram",
                    "score": 4,
                    "maxscore": 7
                },
                {
                    "itemid": 7,
                    "answer": "Himachal Pradesh",
                    "score": 1,
                    "maxscore": 16
                },
                {
                    "itemid": 5,
                    "answer": "Punjab",
                    "score": 6,
                    "maxscore": 6
                },
                {
                    "itemid": 20,
                    "answer": "Sikkim",
                    "score": 6,
                    "maxscore": 6
                },
                {
                    "itemid": 3,
                    "answer": "Maharashtra",
                    "score": 11,
                    "maxscore": 11
                },
                {
                    "itemid": 8,
                    "answer": "Uttarakhand",
                    "score": 10,
                    "maxscore": 11
                },
                {
                    "itemid": 12,
                    "answer": "Karnataka",
                    "score": 9,
                    "maxscore": 9
                },
                {
                    "itemid": 11,
                    "answer": "Goa",
                    "score": 3,
                    "maxscore": 3
                },
                {
                    "itemid": 25,
                    "answer": "Arunachal Pradesh",
                    "score": 17,
                    "maxscore": 17
                },
                {
                    "itemid": 27,
                    "answer": "Manipur",
                    "score": 4,
                    "maxscore": 7
                },
                {
                    "itemid": 18,
                    "answer": "West Bengal",
                    "score": 11,
                    "maxscore": 11
                },
                {
                    "itemid": 4,
                    "answer": "Rajasthan",
                    "score": 9,
                    "maxscore": 9
                },
                {
                    "itemid": 17,
                    "answer": "Jharkand",
                    "score": 1,
                    "maxscore": 8
                },
                {
                    "itemid": 22,
                    "answer": "Chhattisgarh",
                    "score": 9,
                    "maxscore": 12
                },
                {
                    "itemid": 2,
                    "answer": "Uttar Pradesh",
                    "score": 10,
                    "maxscore": 13
                },
                {
                    "itemid": 16,
                    "answer": "Bihar",
                    "score": 5,
                    "maxscore": 5
                },
                {
                    "itemid": 15,
                    "answer": "Andhra Pradesh",
                    "score": 14,
                    "maxscore": 14
                },
                {
                    "itemid": 6,
                    "answer": "Jammu &amp; Kashmir",
                    "score": 11,
                    "maxscore": 19
                },
                {
                    "itemid": 21,
                    "answer": "Odisha",
                    "score": 6,
                    "maxscore": 6
                },
                {
                    "itemid": 14,
                    "answer": "Tamil Nadu",
                    "score": 10,
                    "maxscore": 10
                },
                {
                    "itemid": 13,
                    "answer": "Kerala",
                    "score": 6,
                    "maxscore": 6
                },
                {
                    "itemid": 26,
                    "answer": "Nagaland",
                    "score": 8,
                    "maxscore": 8
                },
                {
                    "itemid": 9,
                    "answer": "Haryana",
                    "score": 7,
                    "maxscore": 7
                },
                {
                    "itemid": 24,
                    "answer": "Assam",
                    "score": 5,
                    "maxscore": 5
                },
                {
                    "itemid": 19,
                    "answer": "Meghalaya",
                    "score": 7,
                    "maxscore": 9
                },
                {
                    "itemid": 10,
                    "answer": "Madhya Pradesh",
                    "score": 14,
                    "maxscore": 14
                },
                {
                    "itemid": 23,
                    "answer": "Tripura",
                    "score": 5,
                    "maxscore": 7
                },
                {
                    "itemid": 1,
                    "answer": "Gujarat",
                    "score": 8,
                    "maxscore": 7
                }
            ]
        },
        {
            "lastModified": 1429684009312,
            "fullScore": 245,
            "fullMaxScore": 263,
            "itemScores": [
                {
                    "itemid": 7,
                    "answer": "Himachal Pradesh",
                    "score": 14,
                    "maxscore": 16
                },
                {
                    "itemid": 5,
                    "answer": "Punjab",
                    "score": 6,
                    "maxscore": 6
                },
                {
                    "itemid": 13,
                    "answer": "Kerala",
                    "score": 6,
                    "maxscore": 6
                },
                {
                    "itemid": 14,
                    "answer": "Tamil Nadu",
                    "score": 10,
                    "maxscore": 10
                },
                {
                    "itemid": 11,
                    "answer": "Goa",
                    "score": 3,
                    "maxscore": 3
                },
                {
                    "itemid": 25,
                    "answer": "Arunachal Pradesh",
                    "score": 17,
                    "maxscore": 17
                },
                {
                    "itemid": 16,
                    "answer": "Bihar",
                    "score": 5,
                    "maxscore": 5
                },
                {
                    "itemid": 6,
                    "answer": "Jammu &amp; Kashmir",
                    "score": 12,
                    "maxscore": 19
                },
                {
                    "itemid": 10,
                    "answer": "Madhya Pradesh",
                    "score": 14,
                    "maxscore": 14
                },
                {
                    "itemid": 15,
                    "answer": "Andhra Pradesh",
                    "score": 14,
                    "maxscore": 14
                },
                {
                    "itemid": 4,
                    "answer": "Rajasthan",
                    "score": 9,
                    "maxscore": 9
                },
                {
                    "itemid": 23,
                    "answer": "Tripura",
                    "score": 7,
                    "maxscore": 7
                },
                {
                    "itemid": 12,
                    "answer": "Karnataka",
                    "score": 9,
                    "maxscore": 9
                },
                {
                    "itemid": 19,
                    "answer": "Meghalaya",
                    "score": 6,
                    "maxscore": 9
                },
                {
                    "itemid": 3,
                    "answer": "Maharashtra",
                    "score": 11,
                    "maxscore": 11
                },
                {
                    "itemid": 21,
                    "answer": "Odisha",
                    "score": 6,
                    "maxscore": 6
                },
                {
                    "itemid": 24,
                    "answer": "Assam",
                    "score": 5,
                    "maxscore": 5
                },
                {
                    "itemid": 2,
                    "answer": "Uttar Pradesh",
                    "score": 10,
                    "maxscore": 13
                },
                {
                    "itemid": 22,
                    "answer": "Chhattisgarh",
                    "score": 10,
                    "maxscore": 12
                },
                {
                    "itemid": 27,
                    "answer": "Manipur",
                    "score": 7,
                    "maxscore": 7
                },
                {
                    "itemid": 28,
                    "answer": "Mizoram",
                    "score": 7,
                    "maxscore": 7
                },
                {
                    "itemid": 26,
                    "answer": "Nagaland",
                    "score": 8,
                    "maxscore": 8
                },
                {
                    "itemid": 18,
                    "answer": "West Bengal",
                    "score": 11,
                    "maxscore": 11
                },
                {
                    "itemid": 1,
                    "answer": "Gujarat",
                    "score": 7,
                    "maxscore": 7
                },
                {
                    "itemid": 17,
                    "answer": "Jharkand",
                    "score": 7,
                    "maxscore": 8
                },
                {
                    "itemid": 8,
                    "answer": "Uttarakhand",
                    "score": 11,
                    "maxscore": 11
                },
                {
                    "itemid": 20,
                    "answer": "Sikkim",
                    "score": 6,
                    "maxscore": 6
                },
                {
                    "itemid": 9,
                    "answer": "Haryana",
                    "score": 7,
                    "maxscore": 7
                }
            ]
        }
    ]
}